rating-label,Average
Range-5,4.8035336825659405
Range-2,1.9041425818882467
Range-1,0.8361635972255441
Range-4,3.8356109525954847
Range-3,2.891588858069305
